tweet_id,tweet_text,class_label,_sos,_flood,_need,_haz
729820191337553921,So we dont need help fighting the wildfires is this some kind of Joke the wildfire season has just begun.,not_humanitarian,True,False,False,True
730480242729594880,Red Willow helps families in Alberta who lost so much in the wildfire with Toonie Tuesday on May 17th. Please help support this worthy cause,rescue_volunteering_or_donation_effort,True,False,False,True
734814182818750464,RT @Christian_LTW: Wanna see us play main stage at Warped?! Help us out!! Spread it like wildfire!,not_humanitarian,True,False,False,True
729023889913700352,"RT @AHS_CentralZone: Need help? Visit AHS‚Äôs new website to support Albertans affected by wildfire launched, today:",rescue_volunteering_or_donation_effort,True,False,False,True
728733444587429890,"@ZacMabry  Please help donate 2 Fort McMurray, Alberta residents affected by wildfire crisis. Much Appreciated.",rescue_volunteering_or_donation_effort,True,False,False,True
729088408233099265,Please help the people having to evacuate the wildfire at Fort McMurray if you can!!,displaced_people_and_evacuations,True,False,True,True
734020196311179270,"@globalnewsto: Fort McMurray wildfire as big as PEI, crosses Saskatchewan border.  Need help from other countries?",requests_or_urgent_needs,True,False,False,True
729294441165426689,"pssst. The bag is up for sale. Please help raise funds for the Alberta Wildfire 2016. As it stands, we have",rescue_volunteering_or_donation_effort,True,False,False,True
729116765813276672,the Vice Versa bowling bag is up until 10pm tomorrow!! Please help raise funds for the Alberta Wildfire 2016.,rescue_volunteering_or_donation_effort,True,False,False,True
728857199296942080,RT @credmau5: : Please help #FortMcMurray  #FortMac #Wildfire,rescue_volunteering_or_donation_effort,True,False,False,True
732563235182903296,RT @freekibble: Hundreds of pets rescued in massive Canadian wildfire - now homeless &amp; need help. Just $5 makes a big difference!,rescue_volunteering_or_donation_effort,True,False,False,True
732615287606906882,Evacuation order expand  #dumbtrudeau no we dont need international help. #transnotley no looks good. Fire them!,displaced_people_and_evacuations,False,False,True,True
728644089319690240,RT @AVGivesBack: #AVtweeps Wildfire is threatening Fort McMurray communities in Alberta Canada Please help.#FortMacFire #AVGivesBack :,requests_or_urgent_needs,True,False,False,True
732991451093557250,"Check story from Edmonton Journal  #stupidtrudeau and #prayforsophie, no we do not need help; just help for sophie",requests_or_urgent_needs,True,False,False,False
728845299024728064,@TheEllenShow Fort McMurray alberta has been hit by a massive wildfire making 80.000+ people evacuate. Please help us out #AlbertaStrong,displaced_people_and_evacuations,True,False,True,True
728716010392453122,RT @AndrewRanger1: @jiadarola @cenkuygur @jimmy_dore Adding to the F.M. fire story. Even the Mexicans came to help us! ty! :) #tytlive http,rescue_volunteering_or_donation_effort,True,False,False,True
730509515981004801,RT @JoeyStyles: Please help if you can: @FightOwensFight &amp; TylerBreeze (@mmmGorgeous) raise funds for Canadian wildfire victims .,rescue_volunteering_or_donation_effort,True,False,False,True
729772213184827392,That is terrible. We need help to contain and stop the fire from spreading.,requests_or_urgent_needs,True,False,False,True
729928309014855680,Learn the story behind FORT MACMURRY WILDFIRE Relief Fund. and help us meet our goal. @generosity,rescue_volunteering_or_donation_effort,True,False,False,True
728831267353956352,@FDNY Please help with with the Fort McMurray wildfire #FortMacFire #FortMcMurray #ymm #ymmfire #AlbertaStrong,requests_or_urgent_needs,True,False,False,True
728623918819352577,Massive effort underway to rescue evacuees trapped by Canada wildfire: A massive effort is underway Friday morning,displaced_people_and_evacuations,True,False,False,True
729790390795153408,Help us raise funds for Fort McMurray! 10% of all product sales this week will be donated to the wildfire relief.,rescue_volunteering_or_donation_effort,True,False,False,True
1108098921698594817,"#Cyclone Idai slammed into Mozambique placing vulnerable children at grave risk. As existing flood waters continue to rise, children need urgent help. We are responding in #Mozambique, #Malawi and #Zimbabwe. Donate now to help:  #CycloneIdai",rescue_volunteering_or_donation_effort,True,False,False,True
1107388130854948864,"For those who doubted @nickmangwana‚Äôs video of the bus stuck in #Chipinge I saw it, it‚Äôs stuck in mushy tar, the road is broken so it‚Äôs gonna be stuck for a while &gt;&gt;&gt; Zimbabweans struggle with storm floods | Al Jazeera #CycloneIdai",infrastructure_and_utility_damage,True,False,False,True
1115891943630954496,"In #Mozambique @TeamRubiconUK are working day &amp; night to provide the most basic of human needs: food, shelter, clean water &amp; medicine. Theyre going where others arent often where people have seen no aid workers since #CycloneIdai &amp; the #flooding 3 weeks ago #MondayMotivation",requests_or_urgent_needs,False,False,True,True
1117383113309675520,"Please help me promote my new single PARASITE prod by myself recorded, mixed and mastered by Jamal of No Limits Ent. Please retweet for awareness. #WitchcraftisWhen Gukurahundi #CycloneIdai Zimbabwean Mugabe #SoundCloud? #np",not_humanitarian,True,False,False,False
1112721092416811015,"She gives an account of how #cycloneidai destroyed all she had. She describes the day as unforgettable. Help us expand #psychosocialsupport services for vulnerable women in Chipinge. Together, we can. Donate to support our cause. Please contact +263 242 754124; +263 785 001772",rescue_volunteering_or_donation_effort,True,False,False,False
1106916905451962370,"This is a house of a friend who works in Chimanimani, called him and he is safe because he had gone to Mutare for the weekend. But he is saying under those rumbles &amp; car their is a young man who is trapped &amp; their is no relief at all. Hope he will be saved. #cycloneidai",other_relevant_information,True,False,False,False
1107516448300244992,Chimanimani hotel is out of food and water and housing over 400 adults excluding children. Please help if you can through donations via @afrimomzim1 @econetzimbabwe or directly Ecocash to Mandla Mataure on 0775541329. #CycloneIdai #CycloneIdaiUPDATE,rescue_volunteering_or_donation_effort,True,False,False,False
1108902481814278144,"Dramatic footage from rescuers in Mozambique has been released, as Cyclone Idai leaves hundreds dead and many more trapped by rising flood waters",rescue_volunteering_or_donation_effort,True,False,False,True
1106545443100676096,"#CycloneIdai Safety Tips 4. Avoid crossing bridges or roads next to rivers during heavy rain, as flash flooding is a risk. If stuck on a flooded road, switch to the lowest possible gear and proceed slowly. Using your brakes suddenly may cause you to skid or aquaplane;",caution_and_advice,True,False,False,True
1108376145987284992,"I am with you there my sister! Thats one way of lending a hand in such a mammoth crisis that has fallen our beloved nation! Nyaradzo, Doves and all other services providers cant go at it alone! They need help too",rescue_volunteering_or_donation_effort,True,False,False,False
1111067190650900480,"Latest thoughts on biz, nutrition + #Mozambique #cycloneidai 1) once OCHA have set asks to global biz (like with Ebola) we spread the word 2) our @SBNMozambique SMEs are hit, bad. Need help to survey them. They‚Äôll need grants plus technical support. DM me with help/ideas please!",requests_or_urgent_needs,True,False,False,False
1109825782933798918,"Just over one week ago, #CycloneIdai swept through Mozambique. Malawi and Zimbabwe, affecting an estimated 2.6 million and killing at least 700. Large areas are still flooded, the risk of hunger and disease is growing. Please help by donating now:",injured_or_dead_people,True,False,False,True
1107936753539862528,"@elonmusk City of Beira(At Mozambique near South Africa) hit by a cyclone on Friday, theres no electricity, communications, water and all basic infrastructure to help even for rescue, therere people trapped on trees waiting for rescue for days.",infrastructure_and_utility_damage,True,False,False,False
1108047061033852928,"Do you care? I do that‚Äôs why I‚Äôve joined the call for help. Please help - no amount is too small, and a retweet is the least you can do ·Ω§F·ºøD·Ω§F·ºøD·Ω§F·ºøD Econet Zimbabwe #cycloneidai",sympathy_and_support,True,False,False,False
1110463906730967041,"This months trivia is dedicated to all those who have suffered due to the recent flooding in Malawi. Please bring clothes, shoes, and non perishable food items to TJs next Friday and help us make a difference. #Serviceaboveself #CycloneIdai #Rotary",requests_or_urgent_needs,True,False,False,True
1110225487207366656,"Just over a week ago, catastrophic Cyclone Idai swept through Mozambique, Malawi and Zimbabwe. This week, flooding remains severe but rescue operations are continuing and aid is getting through. People need help now:",requests_or_urgent_needs,True,False,False,True
1110497723978006529,"1/3 With 1.7 million affected, 700 known to have been killed &amp; thousands still trapped in flood waters, the situation in Southern Africa remains critical. People are desperate for their basic needs: shelter, food and water. #CycloneIdai #TeamRubiconUK",injured_or_dead_people,True,False,True,True
721818472930533380,"@TheEllenShow Hi Im writting you from Ecuador, our country is in emergency because of the earthquake. We need help please. #PrayForEcuador",sympathy_and_support,True,False,False,True
722159581770752000,@KevinSpacey Here in Ecuador we had an earthquake. We need help. Chek this,requests_or_urgent_needs,True,False,False,True
721790686685585408,Ecuador earthquake: More than 230 killed with many still trapped,injured_or_dead_people,True,False,False,True
722126606899220481,"RT @EcuadentConnect: Please help Ecuadent collect clothing, food, and money so we can help the victims of Ecuadorian earthquake. Every h",requests_or_urgent_needs,True,False,False,True
721813165131042816,@JoshSobo not good. My country has suffered a terrible tragedy. In Ecuador last night we had an earthquake. Help us with your prayers,sympathy_and_support,True,False,False,True
722196312351981572,RT @jrfansla: U can help us! If u can donate please @CARE a massive 7.8 earthquake has struck #Ecuador Help deliver urgent relief,rescue_volunteering_or_donation_effort,True,False,False,True
721696150009573377,Ecuadors costal regi√≥n has been extremely affected by last nights earthquake. We need help! #EarthquakeEcuador,requests_or_urgent_needs,True,False,False,True
721603509754413057,RT @AlexanderXV: @AlexanderXV #Ecuador #Earthquake @andradivo My sister &amp; others are injured without care at #Pedernales.Need help please t,requests_or_urgent_needs,True,False,False,True
721740372301516800,A 7.8 earthquake hit Ecuador Apri16. 233 dead and 600+ injured. Please donate to help us offer emergency relief,injured_or_dead_people,True,False,False,True
721733658797817860,How you can help - An unknown number of people are trapped in the debris of Ecuadors biggest earthquake in dec,sympathy_and_support,True,False,False,True
721861773687681024,"@MartinGarrix last night our country, Ecuador, was surprised by an earthquake, please help us spreading the voice so we get some help ·Ω§F·ºøB·ºûA·ºû8",rescue_volunteering_or_donation_effort,True,False,False,True
721804446095831044,"Hey @Skrillex weve just been hit by a 7,8 magnitude earthquake, if u could help us spread the word for donations &lt;3",rescue_volunteering_or_donation_effort,True,False,False,True
722141087532466176,@Chri55yBaby christopher please help Ecuador with any donations you can. Horrible earthquake on Saturday and we need help.,rescue_volunteering_or_donation_effort,True,False,False,True
721623845229223936,RT @shababaty: #Ecuador Earthquake #Manabi Citizens &amp; fireworkers try to rescue trapped ppl under the rubble of the #Umi√±a Hotel,rescue_volunteering_or_donation_effort,True,False,False,True
721825705764528129,"@zaynmalik Hi Zayn, Ecuador yesterday my country suffered an earthquake could you help us with donations we will be eternally grateful·Ω§F·ºøB·Ω°6",requests_or_urgent_needs,True,False,False,True
721814381118533632,"Earthquake kills 235 in Ecuador, people still trapped. Reuters from Pedernales:",injured_or_dead_people,True,False,False,True
722189633661116417,RT @ninavaca: 7.8 Earthquake in Ecuador please help family and friends donating  @USHCC @USHCCFoundation @PinnacleHQ,rescue_volunteering_or_donation_effort,True,False,False,True
721818157804089345,Ayudame a ayudar Ecuador Non-Official earthquake help and help us meet our goal. @generosity,rescue_volunteering_or_donation_effort,True,False,False,True
722173247970766849,RT @EnnerValencia14: Please help the Earthquake victims in #Ecuador ·ºûA·ºû8·Ω§F·ºøE donations ·ΩÑ7·ºøE,rescue_volunteering_or_donation_effort,True,False,False,True
722069206947205120,Please help me sharing information for Ecuadors Relief Fund by UNICEF we are in desperate need of help  @Aballatore,rescue_volunteering_or_donation_effort,True,False,False,False
722182164549353473,"RT @TECHOus: We are crowdfunding to support Ecuador‚Äôs earthquake victims, help us by donating here:",rescue_volunteering_or_donation_effort,True,False,False,True
722184120332337155,@NiallOfficial please pray for Ecuador by the devastating earthquake that there was need help in my country,sympathy_and_support,True,False,False,True
721821768957173760,"Earthquake kills 235 in Ecuador, people still trapped  Please prey for these poor people..",injured_or_dead_people,True,False,False,True
721911908060807168,@ThomasSanders please help spread the word on how to help victims of ecuador 7.8 earthquake  you have a huge fanbase,sympathy_and_support,True,False,False,True
721992542053658624,Earthquake in #Ecuador: 7.8 magnitude quake kills 272; many feared trapped,injured_or_dead_people,True,False,False,True
721710013769715713,Ecuador coastal earthquake affected a very poor region. Devastation and death is everywhere! Need HELP SOS #EcuadorEarthquake @CNN @CNNEE,injured_or_dead_people,True,False,False,True
901722026527911936,"Where are they supposed to go when their homes are flooded, mayor? No evacuation was ordered #houstonflood #HurricaneHarvey #Houston #Texas",other_relevant_information,False,False,True,True
903387511279452160,Help us figure out which areas had flooded homes or apartments from #Harvey ! RT and share everywhere please!,other_relevant_information,True,False,False,True
902752514642247680,"Stuck 2 Days: No Food, No Water - Houston Major: no evacuations needed",displaced_people_and_evacuations,True,False,False,False
903055119444529158,- by sharing this it would mean so much please help me and my family / friends #HarveyFlood #HoustonStrong #PortArthur #HurricaneHarvey,requests_or_urgent_needs,True,False,False,False
903433437239021568,Blue Alert Helping Law Enforcement Officers that Lost their Homes During Hurricane Harvey.  Help us to Help Them.,rescue_volunteering_or_donation_effort,True,False,False,True
902873564210016258,"We need help. We need more volunteers to help answer the phones and take donations for Hurricane Harvey. If you can help, PM us. Thanks!",rescue_volunteering_or_donation_effort,True,False,False,True
903618920325709826,@Kobes_Lakers would you donate $5 to a needy family suffering from Hurricane Harvey. Please help us,rescue_volunteering_or_donation_effort,True,False,False,True
901917156425814017,"1/2 Hurricane Harvey has turned much of Houston into rivers &amp; lakes. Many homes flooded, industrial plants shut down.",other_relevant_information,False,True,False,True
901310760285913090,Reports: People trapped in collapsed buildings in Rockport after Hurricane Harvey hits  #KSATnews,infrastructure_and_utility_damage,True,False,False,True
902868590310907904,This is freaking interstate in #Beaumont! Praying for that area today. My brother in laws homes flooded &amp; more rain is falling. #Harvey,sympathy_and_support,False,True,False,True
903750111305625601,We are supporting our fellow Texans affected by #hurricaneharvey. Help us raise money for the @FoodBankofCC!,rescue_volunteering_or_donation_effort,True,False,False,False
901683841181642753,"not clear whether homes flooded by Harvey in greater Houston area will tally in the thousands, tens of thousands, or hundreds of thousands",infrastructure_and_utility_damage,False,True,False,True
903558490890711041,Someone please help my family Shannon Sams and her 1 month old baby #Harvey2017 #HarveyRelief #PORTARTHURTX,requests_or_urgent_needs,True,False,False,False
903470864510836736,Please help us help the animal victims of Hurricane Harvey. Were collecting donations of food and supplies for,requests_or_urgent_needs,True,False,False,True
903499364458348546,"@JHarden13  Please help a brother in need. I lost everything during this catastrophic hurricane Harvey, every penny will help me",requests_or_urgent_needs,True,False,False,True
901755517319749632,Hurricane Harvey made SURE we werent joking about him anymore. ·Ω¢D We are trapped! All roads flooded!,other_relevant_information,True,False,False,True
902606586866270210,Macalister Falls Dr WATER Rising #sugarlandtx #siennaplantation #FortBendCounty #BrazosRiver #flooding #HoustonFlood2017 #Harvey,other_relevant_information,False,True,False,True
902682499217838080,Houston families please call 281-464-4851 or 713-884-3131 if you need help #disasterrelief #hurricaneharvey #houston,rescue_volunteering_or_donation_effort,True,False,False,False
903505813444186112,Please help #IAMCP provide assistance to those impacted by Hurricane Harvey!,rescue_volunteering_or_donation_effort,True,False,False,True
902912101336969218,"We are praying for Texas. Lord Jesus, please help these families. #HurricaneHarvey #TexasForever",sympathy_and_support,True,False,False,False
903444230722519043,Our #WKYCdigithon for Hurricane Harvey relief has topped $90K! Can you please help us get to $100 by donating here:,rescue_volunteering_or_donation_effort,True,False,False,True
903055508516556801,"Hi guys! asking everyone to please help those animals dealing with hurricane Harvey by donating anything on the list that you can, God bless",requests_or_urgent_needs,True,False,False,True
902714013301268480,"This young lady lost everything due to hurricane Harvey, if you can IF YOU CAN, please help her get back on her feet. Anything helps üôèüèΩüòî‚ù§Ô∏è",rescue_volunteering_or_donation_effort,True,False,False,True
902852645630726144,"Please help, this lady needs to be rescue Marilyn guidry ,6210 Charles ave, Port Arthur , tx 713 5427751, 80 year old Water waist #harvey",requests_or_urgent_needs,True,False,False,False
902850712735973376,"@CNN need help 8001 Honeywood Trail #92 Crystal Creek Apt Port Arthur, TX 77640. Who else can she call? #HurricaneHarvey",requests_or_urgent_needs,True,False,False,False
903412449407324160,CHECK MY PINNED TWEET. We did not want to do this but we had to. We are in a very bad point and need help Retweet,requests_or_urgent_needs,True,False,False,False
902853718235897857,20 Emotional and Haunting Hurricane Harvey Pictures That Help Us Understand This Disaster  @US105fm,sympathy_and_support,True,False,False,True
903619125796331521,Really? Why the fuck would any other countries help us right now? We are the violent crazy guy on the bus no one wants to sit near.,not_humanitarian,True,False,False,False
903062449473114112,"It is natural to feel stress or worry after a disaster. If you need help coping with #Harvey, please call 1-800-985-5990. @samhsagov",caution_and_advice,True,False,False,False
903640017217757184,"#HurricaineHarvey please help us reach the $5,000 goal for those affected by Hurricane Harvey. link:",rescue_volunteering_or_donation_effort,True,False,False,True
902656270796288000,Help us make room at #GBHS for the animals displaced by Hurricane Harvey by adopting our available animals for only $20 tomorrow - Sept. 3.,displaced_people_and_evacuations,True,False,False,True
902838147276525568,"Please help the victims of Hurricane Harvey in whatever way you can, even a dollar will help collectively. Ive",requests_or_urgent_needs,True,False,False,True
902654127414493184,A sweet story to come from #Harvey2017 coverage: Trapped bakers whip up 4K+ lbs of pan dulce for flood victims,other_relevant_information,True,False,False,True
902715911404212224,We are registered as a Hurricane Harvey evacuation location.with FEMA‚Äôs website EMERGENCY LODGING ASSISTANCE,displaced_people_and_evacuations,False,False,True,True
902898106215395328,My friends family has been displaced by Hurricane Harvey. Please help out if you can; even if its just a share/RTüñ§,displaced_people_and_evacuations,True,False,False,True
902663194728116225,Hurricane Harvey has devastated the TX coast and much of Houston is still under water. Help us raise $ #RedCross #hurricaneharveyrelieffund,rescue_volunteering_or_donation_effort,True,False,False,True
902855940382359553,7:30 am and i just broke down sobbing seeing these pictures of dogs trapped in the floods from hurricane harveyi am so heartbroken,sympathy_and_support,True,False,False,True
902646956236910593,"PSA - Walmart is taking donations for the victims of Hurricane Harvey, please help spread the word.",rescue_volunteering_or_donation_effort,True,False,False,True
903628069692248064,#fgf #feelgoodfriday Todays #FGF really needs no explanation--#HurricaneHarvey Please help,rescue_volunteering_or_donation_effort,True,False,False,False
902905952223064067,"PLEASE HELP MY FRIEND, HER SISTER AND 1 YEAR OLD NEPHEW! THEY ARE IN PORT ARTHUR! THE HOUSE IS FLOODING! #HurricaneHarvey #PortArthur",requests_or_urgent_needs,True,False,False,True
902646420855033856,Please help us raise money to benefit students and families affected by Hurricane Harvey. #LyleLove,requests_or_urgent_needs,True,False,False,True
901771496930103296,GET ON THE ROOF NOT ATTIC if flooding #Houston #HurricaneHarvey,caution_and_advice,False,True,False,True
903747794535686144,#gofundme #sabrinawilson #HurricaneHarvey please help me and my family please anything would do,requests_or_urgent_needs,True,False,False,False
902635854748901380,Please help us raise $ for the victims of Hurricane Harvey. #Harbourside4Harvey @HarboursideFL,rescue_volunteering_or_donation_effort,True,False,False,True
902866468555116545,They stayed at NASA while their homes flooded and families evacuated so the ISS would continue to operate safely. &lt;333,displaced_people_and_evacuations,False,True,False,True
903672316047056897,Come visit us this weekend and help us BLOW OUT Hurricane Harvey! ALL target proceeds will be,rescue_volunteering_or_donation_effort,True,False,False,True
902635873115807744,If youre in the Houston area and need help: #HurricaneHarvey #HoustonStrong #HoustonTexas #Flood #CajunNavy #TexasSAR #rescuehouston #Zello,rescue_volunteering_or_donation_effort,True,False,False,True
902844538636693504,"Free Pizza, Free shirt, Free OKC zoo tickets, chance to win an ipad,&amp; your blood can help the Hurricane victims! Help us make a difference!",rescue_volunteering_or_donation_effort,True,False,False,True
902685049539235841,"HOUSE FLOODED - Homes in Dickinson, Texas filled with water Monday from #Harvey flooding #txwx #HarveyFlood",infrastructure_and_utility_damage,False,True,False,True
902902622499299329,Friend is running a Corpus Christi drive. Please help:  (Lynae Canales Gift Registry Address) #Harvey,requests_or_urgent_needs,True,False,False,False
902915695649927168,We are extremely thankful for the staff from @SanAntonioVAMC headed to Houston to help us care for Veterans! #TexasStrong,sympathy_and_support,True,False,False,False
902596796454666240,Partnership for Inclusive Disaster Strategies has a hotline for people w disabilities who need help during #Harvey: 800-626-4959. Please RT.,rescue_volunteering_or_donation_effort,True,False,False,False
903062927183372288,"Reach out to Terrasas Turf Care if you need help with Hurricane Harvey cleanup in Palacios, Texas.",rescue_volunteering_or_donation_effort,True,False,False,True
903056470006104064,@LilianGarcia Please help these pets in need after Hurricane Harvey.  #thanks,requests_or_urgent_needs,True,False,False,True
903595646300676097,"I added a video to a @YouTube playlist  If You Can, Please Help People of Hurricane Harvey. #SSSVEDA Day 29",requests_or_urgent_needs,True,False,False,True
902653142856294401,"JUST IN: Nursing home residents trapped in #Harvey flood waters Sunday, now doing great, facilitys daughter says. @WFLA.",other_relevant_information,True,False,False,True
903675108098809856,"fostering puppies stranded in Texas from hurricane Harvey this saturday. If youre able to foster, please dm me! They need help!!!",rescue_volunteering_or_donation_effort,True,False,False,True
902603988507426816,Please consider donating to help this no kill shelter save the homeless pets after Hurricane Harvey!! Every,rescue_volunteering_or_donation_effort,False,False,True,True
903769227336622080,"Elderly Man Spots Terrified Dog Trapped By Flood, Wades Into Thigh-High Water To Rescue Him",rescue_volunteering_or_donation_effort,True,False,False,True
902685704182009860,If you NEED HELP or are LOOKING TO HELP the communities impacted by Hurricane Harvey - your list:  #HarveyT1D,requests_or_urgent_needs,True,False,False,True
901809698759991296,No better place to be stuck than #WaltDisneyWorld. Thanks for your amazing generosity! #castcompliment #wdwtoday #HurricaneHarvey #Houston,rescue_volunteering_or_donation_effort,True,False,False,False
902669035099316225,My parents have been flooded out in Humble and lost everything. My niece @Vixella set up a gofundme. Please help!,rescue_volunteering_or_donation_effort,True,False,False,True
902696630088081408,"Help us ..,,Hurricane Harvey Victim",requests_or_urgent_needs,True,False,False,True
902723534702641155,"I used to live behind the medical center to the left, we moved 09 after our house flooded twice. My heart is with Houston, always&amp;foreverü§òüèº",sympathy_and_support,False,True,False,True
901679848833204224,"HURRICANE HARVEY ~ Urgent Request SPCA OF BRAZORIA, TEXAS~need help relocating 400 animals,cages stacked to ceiling. Need supplies, crates..",requests_or_urgent_needs,True,False,False,True
902032755688648705,Ashley Claster shares the stories of former El Pasoans who are stuck in floods caused by Tropical Storm Harvey.,other_relevant_information,True,False,False,True
903638800827600896,We are back out today collecting donations for the vicitms of hurricane Harvey. Please help if you can. Details at,rescue_volunteering_or_donation_effort,True,False,False,True
902607066392649728,"UPDATE: The stranded seniors who were trapped in #Harvey flood waters Sunday, now safe at another nursing facility.",displaced_people_and_evacuations,True,False,False,True
903054756989587457,"Anything will help, in need of food and toiletries!! I cant return to work due to the flooding. Struggling to make ends meet please help!",requests_or_urgent_needs,True,False,False,True
901787918896857089,·Ωâ4Attending extra church service to ·Ω§F·ºøC for Loves homes flooded in #Houston area. Lighting a candle! #alwaysinmyheart .@mashable #hurricane,sympathy_and_support,False,True,False,True
903758350323765248,Help us help the dogs of Hurricane Harvey,sympathy_and_support,True,False,False,True
903368942764351488,Coleman Allied has teamed up with St. Thomas Episcopal Church to collect aid for Hurricane Harvey victims. Please help us fill our truck.,rescue_volunteering_or_donation_effort,True,False,False,True
902654920284921857,Insurance Won‚Äôt Cover Damage To 80% Of Homes Flooded By Hurricane Harvey,infrastructure_and_utility_damage,False,True,False,True
903446578010234881,To help us improve the info we provide you: How would you rate our Hurricane Harvey coverage?,requests_or_urgent_needs,True,False,False,True
903441350036668416,Please help my sister and her family recover from Hurricane Harvey! Anything helpsüíï,requests_or_urgent_needs,True,False,False,True
903748208421154817,Help us collect supplies for #hurricaneharvey victims! Shop our @amazon Relief Store &amp; ship 2 our location by 9/8 ‚Üí,requests_or_urgent_needs,True,False,False,False
902685603166392320,Wow! Good Samaritans in Kingwood (NE Houston) saved a deer that was stuck in a fence. Flood water was up to its neck. #HoustonFlood #Harvey,rescue_volunteering_or_donation_effort,True,False,False,True
902895168877076480,I am literally in tears!!! Lord please help!!!! Please üíîüíîüò™üò™üò≠üò≠üò≠,sympathy_and_support,True,False,False,False
902730621717319680,"NEW: Video emerges of deputies in Hankamer, TX saving animals trapped at flooded shelter #Breaking #Harvey #Texas",other_relevant_information,True,False,True,True
903361789621977088,"Whether you need help in the aftermath of Hurricane Harvey or want to offer your assistance to others in need,",rescue_volunteering_or_donation_effort,True,False,False,True
903063146948157440,"Per his Instagram Story, #Giants WR @OBJ_3 is on a boat in Port Arthur rescuing Hurricane Harvey victims. Says to message if you need help.",rescue_volunteering_or_donation_effort,True,False,True,True
903725250440986625,Please help 2 TX parent centers flooded by Hurricane Harvey-,requests_or_urgent_needs,True,False,False,True
902656127032324096,Rescued Woman Goes Off On CNN For Hurricane Harvey Coverage - these ppl need help not interviews  via @dailycaller,rescue_volunteering_or_donation_effort,True,False,False,True
902902492299759617,A shelter has been activated at Brown Missionary Baptist Church for those displaced by Hurricane Harvey. Call 662-342-6407 for more info.,displaced_people_and_evacuations,False,False,True,True
902888318173675520,Please help Hurricane Harvey Family,requests_or_urgent_needs,True,False,False,True
902903651387236352,@crissles Can you please share? My family has been trapped inside for nearly 12 hours. Help is needed urgently in Port Arthur,requests_or_urgent_needs,True,False,False,False
902842948970274818,"If youre stuck on a quirky picture book ms, Ill critique it AND it helps Hurricane Harvey victims. #KidLitCares",rescue_volunteering_or_donation_effort,True,False,False,True
903054639532212229,Help us in our efforts to cloth those in need after the effects of Hurricane Harvey,rescue_volunteering_or_donation_effort,True,False,False,True
903375640711360513,"Firefighters begin block-by-block search of 37,000 #Houston homes flooded by #Harvey  via @bi_contributors",rescue_volunteering_or_donation_effort,False,True,False,True
903457191587233792,"Hurricane Harvey Victim Calls Chick-Fil-A for Food, They Send Rescue Boat",rescue_volunteering_or_donation_effort,True,False,True,True
903451871247040513,Watching the pet rescues of hurricane Harvey on @donlemon @CNN. Brings tears to my eyes. Scared dogs &amp; cats stuck in abandoned homes. @ASPCA,rescue_volunteering_or_donation_effort,True,False,False,True
902734830588370945,"In wake of Hurricane Harvey, special forum created for Aggies who need help or who can offer help:",rescue_volunteering_or_donation_effort,True,False,False,True
902689628171501569,FB people - please help us support Bundles for Babies - Support for those Impacted by Hurricane Harvey! It has,rescue_volunteering_or_donation_effort,True,False,False,True
906927350365016065,#HurricaineIrma #Irma #Irma2017 #Hurricane #hurrcaneirma #Florida @WeLoveDogsUSA @dogcelebration @Koksalakn Please help them #RT,not_humanitarian,True,False,False,True
905520151637975040,"Men Spot Abandoned Dog Treading Water In Flood, Then Realize She‚Äôs Been Trapped For Over 3 Days",other_relevant_information,True,False,False,True
908454727544741889,Bonita Springs residents trapped by flood water: Today News for  #Today_In_PortCharlotte CharlotteCountyCares,other_relevant_information,True,False,False,True
907809858958671872,Andrea-I am a volunteer at @CrowdRescueHQ Fill this out with as much as you can if your friends need help #IrmaDrops,rescue_volunteering_or_donation_effort,True,False,False,False
908393542170681349,I added a video to a @YouTube playlist  Mesa AZ Water Heater flood - 480-336-2979 - Dry Guys Restoration,other_relevant_information,False,False,True,True
908437819181350912,"When a devastating earthquake happens in California, dont expect Mexico or others to help us. Our lack of support for Mexico is disgusting",other_relevant_information,True,False,False,True
908358599235293184,ZWF has been badly damaged by hurricane Irma but our animals are safe and our staff is well. You can help us at:,infrastructure_and_utility_damage,True,False,False,True
905587724228407296,"@B_Y_3 No, but if you arent in a flood zone, you should have plenty of food and water available to access. If you are, evacuate.",displaced_people_and_evacuations,False,False,True,True
908340874291097600,#DSTRRescueNeeded Need help no elecity or food from hurrican,requests_or_urgent_needs,True,False,False,False
909481951920345091,#MagaCoalition #Irma #PrayersForFlorida ‚ù§Ô∏è·Ω§F·ºøC‚ù§Ô∏è·Ω§F·ºøC Please Help HURRICANE SUPPLY DONATIONS NEEDED. ASAP. Thanks So Much ‚ù§Ô∏è·Ω§F·ºøC,sympathy_and_support,True,False,False,True
907872241517436936,Help us stop fake news about storm recovery. Plz retweet! #HurricaneIrma #CollierStrong,other_relevant_information,True,False,False,True
908835837982466048,"Lawrence, MA: Chickering Road at Route 114 - flooded out -DPW requested -Car stuck in flood waters on Halsey Street #mawx",caution_and_advice,True,False,False,True
907914589634928641,Im raising money for Hurricane Irma Aftermath Need Help. Click to Donate:  via @gofundme #HurricaneIrma,rescue_volunteering_or_donation_effort,True,False,False,True
908486395504861184,"@jessutopia Caused a 100 year flood, washed out bridges &amp; had us stuck for over a week with no water or power. And believe it when I say this was after",other_relevant_information,True,False,False,True
909375259941490689,My thoughts are with #Florida and Cuba as they struggle with Hurricane #Irma. Please help @RedCross:,sympathy_and_support,True,False,False,True
908977899017048064,@jimmybuffett the Florida keys need your help Spread Irma awareness. Theres no media coverage n they need help,requests_or_urgent_needs,True,False,False,False
908753375390552064,#Flood damaged cars will find their way to the marketplace. Dont get stuck with one.,infrastructure_and_utility_damage,True,False,False,True
909412163143561216,"RT @AnchorRAP: We are one week post Irma and so many still desperately need help. If you are able and willing to volunteer,",requests_or_urgent_needs,True,False,False,False
905594110903508992,Former SWHS graduate Cody Buckaloo works to save victims trapped by Hurricane Harvey flood waters.  via @YouTube,other_relevant_information,True,False,False,True
908096492774334466,Thanks for all the well-wishes! My family &amp; I are fine. No property/flood damage. No electricity since 1:00am. We have a generator. üôèüèª‚ù§Ô∏è,infrastructure_and_utility_damage,False,False,True,True
908943687266258944,@ComplexSneakers @Maverick @richthekid we are total sneakerheads. we lost our home.  please help‚ù§Ô∏è #IrmaCleanUp #Irma #Irmagerd,sympathy_and_support,True,False,False,False
908007448484761600,PLEASE HELP INDIA FLOOD VICTIMS. DONATE GENEROUSLY AT:,rescue_volunteering_or_donation_effort,True,False,False,True
908320341612748800,"@FLOTUS @POTUS @fema Good they really need water and power and food ,gas in that area Crystal Rivers .Starting to flood down there and no supplys .",requests_or_urgent_needs,False,False,True,True
909079730963415040,"When you donate to Hurricane Irma relief, your generous support will help us keep vulnerable children safe and",rescue_volunteering_or_donation_effort,True,False,False,True
907932923843809280,Second Chance Wildlife Sanctuary in Orlando sustained terrible damage from hurricane Irma. Please help Jim to,infrastructure_and_utility_damage,True,False,False,True
905442206932226048,"Plz help us find our dog, he got out while we were cleaning up our house from the aftermath of the flood He has his collar with information",other_relevant_information,True,False,False,True
909163746026762242,The CHHS Show Choir trailer will be at the Walmart. Please help us fill this truck with donations to help the victims of Hurricane Irma!,rescue_volunteering_or_donation_effort,True,False,False,True
905307305734012928,Thoughts HurricaneHarvey victims trapped in flood waters were taken to a FEMA camp in Walmart‚Äù -,rescue_volunteering_or_donation_effort,True,False,False,True
908397570002649090,Water rising still at Lake Harney and Mullet Lake in Seminole County Major flood. Updates coming up. @wesh,caution_and_advice,False,True,False,True
908015413128302592,Meanwhile in #Yorkshire folk stuck in flood water are helped out by a farmer who strips down to his pants #Sithee #LoveYorkshire,rescue_volunteering_or_donation_effort,True,False,False,True
908926076230942720,Manatees rescued from pond after being trapped by Hurricane Irma - USA TODAY,rescue_volunteering_or_donation_effort,True,False,False,True
905303684288000001,So idk if my achy joints are delayed from the rain we had yesterday or if theres going to be a storm tomorrow but my joints need help,not_humanitarian,True,False,False,True
905414488500957184,Harris County Sheriffs Office rescues man from flood waters; deputy says person was stuck in 8 of water since 2am,rescue_volunteering_or_donation_effort,True,False,False,True
908787738488352768,"Visit  if you need help, if you want to help, if you need information on anything about #Harvey #flood #HouRecovers",caution_and_advice,True,False,False,True
909196671053164544,Help us help the victims of Hurricane Irma. Pick up this tee for only $14.99! All profits will be donated,rescue_volunteering_or_donation_effort,True,False,False,True
908909682282188800,#printthisontv PLEASE HELP!!! TIME IS RUNNING OUT FOR US AND NO PLACE TO GO. #IrmaRecovery,requests_or_urgent_needs,True,False,False,False
906331067573002240,Hurricane IRMA Notice - September 8 - 8:00 P.M. No evacuation,displaced_people_and_evacuations,False,False,True,True
908016759801827328,@ShayOntheBeat_ ‚ÄºÔ∏èUPDATE: They have been found by police. They went to find water &amp; ended up getting stuck in the flood waters.‚ÄºÔ∏è,other_relevant_information,True,False,False,True
908035299674075138,@petallianceGO PLEASE HELP IF YOU CAN!! Help displaced pets after Hurricane Irma in Central Florida!! #AdoptDontShop,sympathy_and_support,True,False,False,True
908027190025093121,"If you need help cleaning up after #Irma, volunteer teams may be able to help. Call 1-800-451-1954",rescue_volunteering_or_donation_effort,True,False,False,False
908156024380674048,I just uploaded P4K Please Help Flood Victims of SL.mp4‚Äù to #Vimeo:,rescue_volunteering_or_donation_effort,True,False,False,True
905414652707917825,"Pre-Harvey TX had over 17,000 repeatedly flooded properties. I wonder how many of those homes flooded again????",infrastructure_and_utility_damage,False,True,False,True
908796128837144576,"Need help cleaning up your property after Irma FOR FREE? Call 8004511954. Volunteer assistance with limbs, trees, debris etc. #jaxstrong",rescue_volunteering_or_donation_effort,True,False,False,False
908088721009811456,"When #IrmaHurricane2017 hit Northern #Haiti, 12,539 people were evacuated to 81 shelters. 4,903 homes flooded &amp; 466 homes were destroyed.",displaced_people_and_evacuations,False,True,False,True
906666389905309696,Looking for a hotel for my family &amp; their dogs to stay at during hurricane Irma. Everything sold out! Please help!!! #hotels #HurricaneIrma,sympathy_and_support,True,False,False,True
908101543198691329,Happy to be part of it! Please help us help those who need it most after #HurricaneIrma Call 414-355-3160 all night to donate @fox6now,rescue_volunteering_or_donation_effort,True,False,False,False
906397386439778305,Ive called the number(s) several times and emailed. Please help these ladies get off St. Maarten stuck due to hurricane Irma #savemaarten,requests_or_urgent_needs,True,False,False,True
908689120406396928,Do you need help after #HurricaneIrma? Heres how to get in touch with #FEMA after the storm. #Fox35 #GDO,rescue_volunteering_or_donation_effort,True,False,False,True
908222508591181824,"Mexico was hit w/ an 8.0 magnitude earthquake, deathtoll thusfar 100 ppl, shortly after offering to help Us in Houston. What will we do?",injured_or_dead_people,True,False,False,True
908455047230640128,Bonita Springs residents trapped by flood water:  via @YouTube,other_relevant_information,True,False,False,True
908752730868482048,.@UNICEFMexico is on the ground helping children in Oaxaca &amp; Chiapas after earthquake. Urgent help is needed  #sismo,rescue_volunteering_or_donation_effort,True,False,False,True
909392168959250432,@marcorubio PLEASE HELP US NOTHING WAS DONE AFTER MATTHEW! WE HAVE NO ROAD NO POWER! FEMA HAS DONE NOTHING!!,requests_or_urgent_needs,True,False,False,False
906146822535700480,"In the path of a #hurricane? Learn about your communitys evacuation routes, &amp; location of emergency shelters.  #Irma",caution_and_advice,False,False,True,True
908801612650549249,üö®SHOUTüö®1/2Water rescue from Bude along with multiple other resources called to people trapped in a car stuck in flood water..,rescue_volunteering_or_donation_effort,True,False,False,True
907775420489224192,We are thankful that Alabama was spared the worst of #HurricaneIrma. But many were not and will need help. From our executive director: üëá,requests_or_urgent_needs,True,False,False,False
909395534418468865,@FEMA_Brock PLEASE HELP US WE ARE TOLD FEMA HAS TO FIX ROAD GUESS WHAT? YOU NEVER FIXED IT FROM MATTHEW! HELP!,sympathy_and_support,True,False,False,False
908350166373105664,"Remember, we are here for you. We know that #Irma hit several people hard - if you need help, let us know.",rescue_volunteering_or_donation_effort,True,False,False,False
905455468088352770,Tell Rush Limbaugh to come to Houston and talk to some of these flood victims about how some were trapped by rising water. JS!!!! üòù,other_relevant_information,True,False,False,True
906227509750063106,"The governors update on Hurricane Irma has ended. The big takeaway? No mandatory evacuation orders yet, but its not off the table. #Irma",displaced_people_and_evacuations,False,False,True,True
907959409099329541,Please help my friend @zalfgamer out with damage caused by Hurricane Irma. ANY amount helps! Or just RT the link üôè‚úå‚ù§,rescue_volunteering_or_donation_effort,True,False,False,True
909520723139530752,@BN9 I am a victim of irma please help me,requests_or_urgent_needs,True,False,False,False
908015706427596801,Hurricane Update: How you can help or if you need help! -,sympathy_and_support,True,False,False,True
905749786497863682,Reminder if youre being evacuated from Hurricane Irma know your rights to take your pets #HurricaneIrma PLEASE help get strays to safety2,displaced_people_and_evacuations,True,False,False,True
908247750143344640,***Please help***Hurricane Irma Disaster Relief,sympathy_and_support,True,False,False,True
912135192332181504,RT @kami_rrod: please help my family in puerto rico recover from hurricane maria by donating or sharing!·ΩâEthank you!,rescue_volunteering_or_donation_effort,True,False,False,True
914212462416859137,Please help #PuertoRico through The #AmericanRedCross if you can. No amount too small  #HelpPuertoRico #giving #Help,sympathy_and_support,True,False,False,False
912289605323509761,"This is facts, Im IN Puerto Rico b/c I got stuck here after hurricane Maria. Conditions throughout the island vary from bad to detrimental",infrastructure_and_utility_damage,True,False,False,True
910798432641650689,No power/communication. Please help Puerto Rico during this devastating time by donating/sharing. #PuertoRicoStrong,requests_or_urgent_needs,True,False,False,False
913658638866178048,@DrAndyRoark Help us spread the word &amp; send aid to people &amp; their pets after hurricane Maria! Veterinarians for PR,requests_or_urgent_needs,True,False,False,True
913411337904119809,Necessities. I have a Brother with autism. My family as many others need help. Please spread the word. #HurricaneMaria #PuertoRicoSeLevanta,requests_or_urgent_needs,True,False,False,False
912385537838845954,Hysteria is starting to spread. The hospital is about to collapse. It‚Äôs at capacity. We need someone to help us.,requests_or_urgent_needs,True,False,False,True
912168762601811968,Listen up #Orlando  Please help out Puerto Rico recover from Hurricane Maria. Spread the word. #PuertoRicoSeLevanta,rescue_volunteering_or_donation_effort,True,False,False,True
914935227474116610,Please help us bring aid to the victims of Hurricane Maria. You can drop your donations off at our Florida Mall store! #PuertoRicoStrong,requests_or_urgent_needs,True,False,False,True
914166926674415616,"Only 20% of truck drivers reported back to work since Hurricane Maria, aid is trapped in thousands of containers",rescue_volunteering_or_donation_effort,True,False,False,True
911715899069075456,My family and I are alive but we lost everything. The situation is horrible nationwide and we all need help! #HurricaneMaria #Dominica,requests_or_urgent_needs,True,False,False,False
911740446463987713,@dailycamera can you please help us spread the word about this effort to help Puerto Rico after Hurricane Maria? Thanks!,requests_or_urgent_needs,True,False,False,True
914531074436468736,No water. No Food. No hope. That‚Äôs what our fellow Puerto Rican citizens are facing. Please help by going to,requests_or_urgent_needs,True,False,False,False
911634521593978880,RT @JDEstradawriter: .@CBSThisMorning Limited or no coverage of #PuertoRico after #hurricaneMaria please help people be aware of our situat,sympathy_and_support,True,False,False,False
912458602488766464,@fema @FEMA_Brock Please HELP #PuertoRiconeedshelp @iCyclone is there and on the ground #Hurricane #MARIA #MariaPR,requests_or_urgent_needs,True,False,False,True
911634567395602432,RT @JDEstradawriter: .@jimmykimmel Please keep #PuertoRico in the media. We need help bad and no one is talking about the Island after #hur,sympathy_and_support,True,False,False,False
914610285855543296,"Hurricane Maria swept through Puerto Rico almost two weeks ago, but families remain trapped in Utuado and elsewher",other_relevant_information,True,False,False,True
912094741348716544,People in Puerto Rico cant get out. No flights. They need help. #HurricaneMaria @wfaachannel8 @wfaaweather,requests_or_urgent_needs,True,False,False,False
910680873485373441,RT @MirandaMan1: My home in Puerto Rico has been DESTROYED. Hurricane Maria has destroyed the whole island. Please help support with your p,infrastructure_and_utility_damage,True,False,False,True
910703605849645057,. please help my beautiful island and my family out there. every little bit counts ·ΩâE #PuertoRicoStrong ·ºü5·ºü7·Ω°E,sympathy_and_support,True,False,False,False
913168280851853313,Please help no matter how much. Donate before you have dinner tonight so you can enjoy your dinner knowing they can eat too,rescue_volunteering_or_donation_effort,True,False,False,False
911784329814167552,RT @NotCloudyAllDay: PLEASE HELP 900 TBs/OTTBs #HurricaneMaria #PuertoRico via @ShelleyBlodgett @CaribbeanOTTB  No,requests_or_urgent_needs,True,False,False,False
914190726476582918,Residents of the U.S. Virgin Islands are citizens too and also need help to recover from hurricane Maria.,requests_or_urgent_needs,True,False,False,True
914469148616306690,"@kylegriffin1 AND @POTUS People in Puerto Rico R Dying. No drinking water, power, food, medicine &amp; their homes, destroyed 9 days ago by Hurricane Maria.",infrastructure_and_utility_damage,False,False,True,True
911916656728985600,Victims of Hurricane Maria (Puerto Rico &amp; US Virgin Islands) need help. FEMA has suggestions:  @fema (1/2),rescue_volunteering_or_donation_effort,True,False,False,True
913418744009035777,RT @USRealityCheck: Hurricane-ravaged islanders: We need help  #USNews #USRC,requests_or_urgent_needs,True,False,False,True
912464004114714626,"RT @CFPetrella: Please, please, please help. I recommend Unidos: A Relief Fund for Hurricane Maria Victims in Puerto Rico",rescue_volunteering_or_donation_effort,True,False,False,True
912382948586004480,"If you‚Äôre on WCL campus, please help by donating to Puerto Rico in the wake of Hurricane Maria. See below.",rescue_volunteering_or_donation_effort,True,False,False,True
914227435524296707,HELP US. WE ARE DYING. #HurricaneMaria #PuertoRico,requests_or_urgent_needs,True,False,False,False
913184734750134272,"@PhilMurphyNJ please help US citizens in #puertorico there is no gas, food, or water #mariapr #hurricanemaria people are dying @USArmy",requests_or_urgent_needs,True,False,False,False
914697043003797504,RT @ASAP_SportsNews: Please help us with donations with what you can. We live in Puerto Rico and unfortunately Hurricane Maria hurt us. htt,rescue_volunteering_or_donation_effort,True,False,False,True
914671342410137600,No one debating places still need help. Trying to say that ANY place still in need means NO ONE is doing ANYTHING? False equivalent.,not_humanitarian,True,False,False,False
914101802584477696,Hurricane Maria destroyed my hometown Utuado. Desperate for food/water. Please help! Donations are tax deductible:,requests_or_urgent_needs,True,False,False,True
911796296029159424,"RT @hectorramos: If you know someone at @Indiegogo, we need help raising our Hurricane Maria funding goal. Please reach out to me or @migue",requests_or_urgent_needs,True,False,False,True
912360124714381312,@ricky_martin Hurricane Maria has left an estimated 3.4 Million people without power in Puerto Rico. Help us map the impact.,other_relevant_information,True,False,False,True
912371806224367616,Help us map impacts of Hurricane #Maria in our latest @tomnod campaign,sympathy_and_support,True,False,False,True
913508467230552065,Calling all #Drexel Dragons! Help us help one of our online students in desperate need following Hurricane Maria.,requests_or_urgent_needs,True,False,False,True
913021637913665538,#WaystohelpPuertoRico  2 people died at the hospital becuase there was no diesel to run the generator! Please help!,injured_or_dead_people,True,False,True,False
912225389493342208,Please help recover Puerto Rico after Hurricane Maria,requests_or_urgent_needs,True,False,False,True
913427756964249602,Help us help our Puerto Rico employees and their families who survived Hurricane Maria.,requests_or_urgent_needs,True,False,False,True
911739828022202368,"RT @JibaraSoy: We are running out of gas, food, water, there are people who NEED HELP. We have no signal #PuertoRico #SendHELP #HurricaneMa",requests_or_urgent_needs,True,False,False,False
910698417575399424,Please help the people of Dominica! The small island has been rocked by Hurricane Maria leaving them in shambles!,requests_or_urgent_needs,True,False,False,True
910676925596798977,@SHAQ Shaq we really need help in Dominica hurricane Maria destroyed island! People need food water clothing Tarps blankets,requests_or_urgent_needs,True,False,True,True
912361962440445952,"My small island of 72,000 people is experiencing serious devastation after Hurricane Maria! Please help my people! RT AND TELL EVERYONE! ·Ω§F·ºøE",requests_or_urgent_needs,True,False,False,True
913852848420552705,"Forget the NFL, Trump, U.S. citizens need help! One week after Hurricane Maria, hope in Puerto Rico is fading fast",requests_or_urgent_needs,True,False,False,True
913966655004450816,RT @tnchicken: Please help. Puerto Rico RD Employees Devastated by Hurricane Maria.  via @youcaring,rescue_volunteering_or_donation_effort,True,False,False,True
912402978568593414,"@BillGates Could you help with the disaster in Puerto Rico? Theyre starving, no water, no shelter, no sanitation after Hurricane Maria.·Ωâ4·Ω¢8",requests_or_urgent_needs,False,False,True,True
913035568539369472,RT @SRuhle: Also helping victims of Hurricane Maria: @GlobalGiving is providing medicine &amp; long term care. VISIT  NO,rescue_volunteering_or_donation_effort,False,False,True,True
912048947715350528,RT @KarltonJones: Please help those suffering in Puerto Rico from Hurricane Irma and Maria by donating to my cousins gofundme. Thanks! http,rescue_volunteering_or_donation_effort,True,False,False,True
914858012099014656,@GlennaOn10 Please help me to find language on where Hurricane #Maria impacted #USVI . Still reading.,sympathy_and_support,True,False,False,True
912192579940139008,"Please help the people of Puerto Rico. I am grateful my family is safe for now, but so many are in desperate need.",requests_or_urgent_needs,True,False,False,False
913895704870969344,RT @dga_alterego: @Citibank We need help with our mortgage payments in Puerto Rico. Hurricane Maria hit us hard! Your lines in CitiMortgag,requests_or_urgent_needs,True,False,False,True
913472531306250240,Please Help Us Raise Funds for Hurricane Maria Relief!,sympathy_and_support,True,False,False,True
913286952287440896,"Utuado, Puerto Rico was utterly wiped out by Hurricane Maria. These AMERICANS need help with WATER, FOOD, MED SUPPLIES..Please DONATE! ‚ù§Ô∏è",rescue_volunteering_or_donation_effort,True,False,False,True
913099701569953794,RT @energyenviro: Air Passengers Stuck in Puerto Rico after Hurricane Maria Damaged Radar  #PuertoRico #AirPassenger,infrastructure_and_utility_damage,True,False,False,True
913850588470718465,"RT @guardianworld: Nine days after Hurricane Maria, thousands of containers of supplies are stuck in Puerto Ricos ports and warehouses htt",rescue_volunteering_or_donation_effort,True,False,False,True
911590098159984641,y‚Äôall need to realize Puerto Rico was not the only island hit by hurricane Maria. And other islands need help as well.,requests_or_urgent_needs,True,False,False,True
913974025864478721,#people #RESCUED Family Trapped In Home After Hurricane Maria Write Help On Roof So Rescuers Can Find Them  For p,rescue_volunteering_or_donation_effort,True,False,False,True
914189922327769089,Im giving them money monthly. Please help. Live Updates: PETA Is in Puerto Rico in Wake of Hurricane Maria,rescue_volunteering_or_donation_effort,True,False,False,True
911607942004084736,Please help Puerto Rico. I havent been able to contact my family since Hurricane Maria hit and I dont know if theyre safe. Im so worried,requests_or_urgent_needs,True,False,False,True
914602450455334912,@jeremycorbyn Caribbean island of ·ºû9·ºü2 completely destroyed by hurricane Maria being ignored by the media please help ·Ω§F·ºøE·Ω§F·ºøE·Ω§F·ºøE,infrastructure_and_utility_damage,True,False,False,True
911814879740178432,@elonmusk Puerto Ricans might be left without power for months due to hurricane Maria. They need your batteries and solar power! Please help,requests_or_urgent_needs,True,False,False,True
914181720714416128,Hurricane Maria left massive devastation. Were on the ground for #PuertoRicos children. Help us provide aid today:,requests_or_urgent_needs,True,False,False,True
912164015014588416,"@kobebryant you were going to help for a good cause in Puerto Rico w/ The Autism Training Center, but we need help now with Hurricane Maria.",requests_or_urgent_needs,True,False,False,True
911707489179246593,RT @VKhaykin: Severe damage caused by hurricane Maria to Puerto Rico. Entire island w/o power. 4 million US citizens in danger &amp; need help,infrastructure_and_utility_damage,True,False,False,True
913948498147524608,RT @sramosABC: San Juan PR Mayor says she is  mad as hell over hurricane Maria response..help us we are dying,rescue_volunteering_or_donation_effort,True,False,False,True
913384916250918914,The island of Dominica ·ºû9·ºü2 was devastated by Hurricane Maria. There is very little press coverage. Please help them:,requests_or_urgent_needs,True,False,False,True
913619808024973312,@YoshikiOfficial the effects of hurricane Maria in Puerto Rico are devastating.I miss &amp; need ur music now more than ever.We need help. ·ºü5·ºü7·Ωâ4·Ω¢2,requests_or_urgent_needs,True,False,False,True
913791854306631680,@Ryanair I need help with a refund. I am affected by Hurricane Maria and cannot reach Europe for my flight.,requests_or_urgent_needs,True,False,False,True
912304259173056512,@wsbtv @CNN 7 deaths attributed to Hurricane Maria on the island of St.Croix USVI. Can we get some coverage. We need help too. #VIStrength,injured_or_dead_people,True,False,False,True
914631360169394176,Please Help us this Wednesday by Donating to the citizens of Puerto Rico affected by Hurricane Maria! @Commerce_Alphas #TAMUC,rescue_volunteering_or_donation_effort,True,False,False,True
910710615970275328,Please help JJ make a big Assist as he put together a Hurricane Maria Relief Fund to assist those devastated in Puerto Rico. @jjbareapr,rescue_volunteering_or_donation_effort,True,False,False,True
911735613782667266,Any word on #Jayuya #Zamas today? Heard bridges were down and most homes flooded. #PuertoRico #Maria #PR #HurricaneMaria,infrastructure_and_utility_damage,False,True,False,True
912331450502057987,Please help US Citizens n Puerto Rico by Hurricane Maria Recovery Fund /   via @YouTube,sympathy_and_support,True,False,False,True
913739410386059269,"Hurricane Maria totally devastated Dominica and the world has passed it by. Please help Ava raise funds, she is off soon to personally help",sympathy_and_support,True,False,False,True
912464322307153921,Please help my friends and their families in Puerto Rico after the devastation of Hurricane Maria ·Ω°E·ºü5·ºü7  RT this!!!!!,requests_or_urgent_needs,True,False,False,True
914099470417227776,"RT @TelegraphNews: Mayor of Puerto Rico‚Äôs capital city wears T-shirt saying help us, we are dying‚Äù following Hurricane Maria",requests_or_urgent_needs,True,False,False,True
911932582299881472,Because you clearly have no substance. The fact that there are thousands of people in Puerto Rico that need help. #hurricanemaria,other_relevant_information,True,False,False,False
913299314549645312,"Absolutely despicable and sick! Our brothers and sisters in Puerto Rico NEED help! They have no power, water, food or their homes!",requests_or_urgent_needs,True,False,False,False
913551494347030528,While use in the U.S.A. Still have no help and no homes. We need help in bridge city Tx.,sympathy_and_support,True,False,False,False
911788782336212992,RT @alexxdlr: Please RT ‚ÄºÔ∏èRT‚ÄºÔ∏è I got in contact with my mom and she lost everything due to flooding. Please help us and share,requests_or_urgent_needs,True,False,False,True
910726014057168896,"Hurricane Maria clobbers Puerto Rico, plunges island into darkness  @teslamotors @elonmusk PuertoRico might need help",other_relevant_information,True,False,False,True
914998100556750848,Please help this wonderful cause to help those devastated in Puerto Rico by Hurricane Maria. I donated. Please join me. Every bit helps.,rescue_volunteering_or_donation_effort,True,False,False,True
910637116538982401,"We will need help of all kinds, Dominica leader pleads after Category 5 Hurricane #Maria tears through",requests_or_urgent_needs,True,False,False,True
913012411560546306,"My hometown, Utuado, Puerto Rico was destroyed by Hurricane Maria. Please help. Donate what you can, thanks.",rescue_volunteering_or_donation_effort,True,False,False,True
914963253532479489,Please help Puerto Rico recover from Hurricane Maria by donating to  and . Thank you! #NSCS,rescue_volunteering_or_donation_effort,True,False,False,True
914562294352408582,RT @MarthaMilne1: Check it out! I donated to Hurricane Maria Animal Fund -  via @gofundme Please help pet survivo,rescue_volunteering_or_donation_effort,True,False,False,True
913419213972353025,THESE PEOPLE NEED HELP! #AMERICANREDCROSS #FEMAPuertoRico PRs island of #Vieques was left devastated by Hurricane Maria.,requests_or_urgent_needs,True,False,False,True
912287376038383617,"my moms flight is cancelled until oct 2, she has no electricity, and no money for water or gasoline for her elec generator please help",requests_or_urgent_needs,True,False,True,False
914937368339210241,Jay Rosario‚Äôs Wesley Chapel Nissan is collecting donations for Hurricane Maria Relief. Please help those in Puerto Rico in need. ‚ù§Ô∏è,rescue_volunteering_or_donation_effort,True,False,False,True
913102017672904704,People gather on the roof of a damaged house after the area was hit by Hurricane Maria in Yabucoa. #guajataca #da,infrastructure_and_utility_damage,False,True,False,True
914627498301943808,"@whitekittytx @Tatterr @sweetatertot2 @realDonaldTrump Wait, so Donald Trump is respecting America by saying that what happened with Puerto Rico and Hurricane Maria is fake and they dont need help when theyre dying??? Frankly my dear, youve been touched in the head.",not_humanitarian,True,False,False,True
913576198277492736,Help out! Give to Family need help after Hurricane Maria .  #generosity via @generosity,requests_or_urgent_needs,True,False,False,True
911554318129655808,RT @LondynCrenshaw: The people of Puerto Rico have no power or water. Please help my Family if you can!,sympathy_and_support,True,False,False,False
913014538722611200,How to Help Puerto Rico and Other Islands After Hurricane Maria  Please help &amp; share these emergency orgs &amp; agencies,requests_or_urgent_needs,True,False,False,True
914482198409043973,Those people in Puerto Rico need help due to #HurricaneMaria. I will be donating money to hurricane Maria efforts. They need help!,rescue_volunteering_or_donation_effort,True,False,False,True
913860987832463363,We just announced our #HurricaneMaria relief efforts &amp; hope youll help us raise funds 4 those impacted by the storm,sympathy_and_support,True,False,False,True
913194173636993024,"Hurricane Maria: Before and After Night Satellite Images of Puerto Rico  So traffic, please help if you can!",requests_or_urgent_needs,True,False,False,True
913280159196880896,THESE ARE MY AUNTS AND UNCLE IN PUERTO RICO PLEASE HELP ME SPREAD THIS. We still haven‚Äôt gotten into contact with them since Hurricane Maria,requests_or_urgent_needs,True,False,False,True
914213961045770242,Hurricane Maria destroyed my hometown in Puerto Rico. Please help me send food &amp; water to Utuado. Donate at:,infrastructure_and_utility_damage,True,False,False,True
914345002096046080,Please help us in our efforts to raise much needed funds for our beautiful Dominica following Hurricane Maria @TheEllenShow,requests_or_urgent_needs,True,False,False,True
913400456285753345,"The U.S. Virgin Islands need help. In the Virgin Islands, Hurricane Maria Drowned What Irma Didn‚Äôt Destroy",requests_or_urgent_needs,True,False,False,True
912337559438741505,"RT @Etinni_: Puerto Rico might not be able to recover from Hurricane Maria for years. Please help, donate and share.",rescue_volunteering_or_donation_effort,True,False,False,True
912450935183564801,RT @BloomfieldPDNJ: Donations being collected for victims of Hurricane Maria. Please help!,rescue_volunteering_or_donation_effort,True,False,False,True
912148951565950977,RT @fixednotion: Its sad people are paying more attention to a misspoken word over a devastating hurricane. Many people need help. #Hurri,other_relevant_information,True,False,False,True
913079296322764800,Please help our Vega family rebuild after hurricane Maria destroyed,requests_or_urgent_needs,True,False,False,True
911942404101505024,@StephenCurry30 huge fan!! My country was attack by hurricane Maria (Dominica) we need help. Please help us,requests_or_urgent_needs,True,False,False,True
911745797703823360,Most of the island has no water or power or cell service. This is an ongoing dire crisis. Please help get attention! #PuertoRico #Maria,requests_or_urgent_needs,True,False,False,False
911666486917332992,"#PuertoRico officials: ‚ÄòWe will rebuild, but we need help‚Äô @CruzNJTV reports #hurricane Maria",requests_or_urgent_needs,True,False,False,True
912422133082583041,They need help now! Is this a repeat of Katrina delays based on geographical location of their skin color? Keep spotlight on them Lester.,requests_or_urgent_needs,True,False,False,False
913011466583904257,Please help our neighbors if you can. Becky and Seths family have been tragically impacted by Hurricane Maria in,requests_or_urgent_needs,True,False,False,True
914196385154572289,RT @BrandonCruz0598: Hey guys please help me help my family in Puerto Rico from the devastation of Hurricane Maria. Anything helps! :,requests_or_urgent_needs,True,False,False,True
914628025186160642,"RT @1o5CleanEnergy: ‚ö° Help us, we are dying says Mayor of San Juan, Puerto Rico  #HurricaneMaria Victims of #Cli",rescue_volunteering_or_donation_effort,True,False,False,False
913538313130147840,"RT @axios: There are nearly 10,000 containers of supplies for Hurricane Maria relief stuck at the Port of San Juan.",other_relevant_information,True,False,False,True
914243614502477824,@jaketapper @KrisParonto @CNN @andersoncooper @cnnbrk @CNNPolitics A shirt that says Help us we are dying screams out fake news narrative in a country trying to recover from Hurricane Maria #CNNISFAKENEWS,not_humanitarian,True,False,False,True
1022856885920321536,Pressure is growing on #Tsipras govt as the death toll of the #wildfires at #Mati is already at 86 and is expected to rise further and the questions on how people got trapped remain unanswered! / #athensfire #Greecefires #Syriza #fire #Athens #Greece,injured_or_dead_people,True,False,False,True
1022331216069107712,the region of Mati was destroyed in minutes. minutes. it doesnt exist anymore. there was no warning. some who tried getting to the beach got trapped on the cliffs or they drowned after swimming for 5 hours trying to get away from the smoke and the exploding debris. #Greecefires,infrastructure_and_utility_damage,True,False,False,False
1022336201225842688,"LONDON: Greece is experiencing effects of its worst fire in 10 years. Over 70 people have died, hundreds injured &amp; displaced &amp; towns destroyed. Please help by dropping off clothes, towels, medical supplies, diapers or tinned food to collection points below by Friday 12pm ·ºûC·ºü7·Ωâ9",injured_or_dead_people,True,False,False,True
1022174246536208386,"If anyone wants to help the situation here in Greece with the fire, here is a link that you can donate to help those people who need help and other medicine stuff:  #PrayForGreece #PrayForAthens #PrayTogether4Greece #Greece #Greecefires",rescue_volunteering_or_donation_effort,True,False,True,True
1026497305128693760,"RT @HellenicLeaders: Over 2,000 people have donated to our Greece Wildfire Relief Campaign. Join them today and help us reach our goal: htt",rescue_volunteering_or_donation_effort,True,False,False,True
1021741803756646401,"·Ωí5 UPDATE: Reports up to 65 fatalities approx. 150+ injured &amp; others reported missing people number unknown. Many residents trapped in seaside villages only one way to escape raging flames fled into sea. Deadliest wildfire! Italy, Germany, Poland, France sent help. #GreeceFires",injured_or_dead_people,True,False,False,True
1021797327143616513,"·ºô8·ºô8If you live in London, PLEASE HELP ·Ω§F greek people who are in need right now because of the big fire. #PrayForGreece #Œ†œÖœÅŒ∫Œ±Œ≥ŒπŒ± #PrayForAthens #Greecefires #greece ·ºô8·ºô8",sympathy_and_support,True,False,False,True
1022275224073641985,RT @GreekConcert: Please help support the Greece Wildfire Relief Fund by donating today! #PrayForGreece  .,rescue_volunteering_or_donation_effort,True,False,False,True
1022968008598347777,@MrBeastYT charity livestream for fire victims in Greece please help Watch Unboxholics with me on Twitch!,rescue_volunteering_or_donation_effort,True,False,False,True
1021716417236934657,"today because of raging fires many people got injured, died and some are missing or still cant escape the flames while more than 100 houses got burned. my friends got trapped in the fire and barely managed to escape. please keep greece in your prayers #PrayForGreece",injured_or_dead_people,True,False,False,True
1021777686878973956,"As your neighbors, our hearts beat for you in this very difficult dayOur prayers are with those who are stranded, suffering and need help We are ready to send food, clothing, medical supplies too. Ge√ßmi≈ü olsun kom≈üu ·Ω§F·ºøB·Ω§F·ºøB·Ω§F·ºøB·Ω°4 #PrayForGreece ·ºûC·ºü7·ºü9·ºü7 #PrayForAthens",sympathy_and_support,True,False,False,False
1022889528145653765,"No Airbnb room charge for Attica fire victims  Victims of wildfires that engulfed a seaside town northeast of Athens on Monday, damaging or destroying hundreds of homes, have scrambled to find shelter, so Airbnb stepped in to set",rescue_volunteering_or_donation_effort,False,False,True,True
1021767416559353857,SOS: To all my friends in London - Please help us gather food and essentials for the victims of the deadly fire in Greece. In cooperation with the Greeks working at Imperial Hospital we created 2 collection points,requests_or_urgent_needs,True,False,False,True
1021910621468733441,My country is literally on fire. Ive never seen or heard of anything more terrifying in my life. Hundreds injured. 100 dead. Thousand houses burned. Millions of trees burned. People have lost everything. Thousands of people are homeless. This is devastating. Please help Greece.,injured_or_dead_people,True,False,False,True
1021793055941292035,@EthanDolan Its not happy for Greece. Greece is mourning the victims and the dead caused by the fire. Please help #PrayForGreece,sympathy_and_support,True,False,False,True
1022102229271109632,"A Greek tragedy last night near Athens: 50 so far people/many children have died, injured, missing, trapped on beaches, others trying to swim away for hours, tourists missing, animals on fire, thousands of houses got burnt down ·Ω¢2 #Œ†œÖœÅŒ∫Œ±Œ≥ŒπŒ± #Athens #wildfires",injured_or_dead_people,True,False,False,True
1021728633306734592,This is a national tragedy. They are announcing more and more dead people as time goes by. Everything is burned and the fire is still going. My country is getting destoyed. We need help #AthensFires #PrayForGreece,injured_or_dead_people,True,False,False,True
1022431020908511232,"People moved toward the sea to escape the fire, but were trapped on the clifftop that lines the area along the sea. How the fires in Mati, Greece, spread ‚Äì a visual guide  #PrayForAthens #PrayForGreece #Œ†œÖœÅŒ∫Œ±Œ≥ŒπŒ± @skaigr #Greece #ŒïŒªŒªŒ±Œ¥Œ± @skaigr #Hellas",injured_or_dead_people,True,False,False,True
783650509668360192,It would be nice if Haiti had some of the money that was donated to help them. Hurricane now they really need help. Wheres their money?,rescue_volunteering_or_donation_effort,True,False,False,True
783970973305466880,Hurricane Matthew created worst humanitarian crisis in Haiti since earthquake w/ ~350k people needing urgent help,requests_or_urgent_needs,True,False,False,True
783851232922337281,URGENT APPEAL | Please help recovery in Haiti after Hurricane Matthew:,requests_or_urgent_needs,True,False,False,True
784689704440516608,Hurricane Matthew live: Children trapped in bed &amp; breakfast as water level surges in St. Augustine - Mi,other_relevant_information,True,False,False,True
783765835018108928,"Ô∏µB Please help Haiti . The country is devastated after hurricane Matthew . They are , desperately in need for",other_relevant_information,True,False,False,True
783798818907140096,Please help the prople of Haiti! Hurricane Matthew strikes Caribbean - @CatholicRelief,requests_or_urgent_needs,True,False,False,True
783765557124431872,"Haiti is going 2 need help from Hurricane. Dont give 2 the Clinton Foundation,HRC &amp; Bill makes sure the $ dont reach the people of Haiti",other_relevant_information,True,False,False,True
783734788502859776,Hurricane Matthew Has Hit Haiti ‚Äì Please Help Us Respond,requests_or_urgent_needs,True,False,False,True
783426492952899584,Help us raise money for Food &amp; Hurricane Relief in Haiti!,rescue_volunteering_or_donation_effort,True,False,False,True
783403211965292544,Hurricane Matthew has slammed into the island nation of Haiti today. Please help us save lives.,rescue_volunteering_or_donation_effort,True,False,False,True
783659627166564352,Help us impact those affected by Hurricane Matthew in Haiti. Donate to get more than 1 million meals shipped ASAP.,rescue_volunteering_or_donation_effort,True,False,False,True
783457663673917440,Not even worried about if the hurricane is gonna hit us. just wanna know how Haiti is doing bc they need help as is &amp; this did not help·Ω§F·ºøC,not_humanitarian,True,False,False,True
784696602283872256,RT @baluchx: Haiti was hit was a deadly hurricane and hundreds are dead. Thousands suffering. Please help and donate!,injured_or_dead_people,True,False,False,True
783985205476556800,And theyve still not recovered from Hurricane Katrina! Please help if you can,sympathy_and_support,True,False,False,True
783530561268805632,"PLEASE DONATE TO HAITI , THEY ARE STILL RECOVERING FROM A EARTHQUAKE 6 YEARS AGO . PLEASE HELP THE PEOPLE OF HAITI.",rescue_volunteering_or_donation_effort,True,False,False,True
783680195026939904,Please Help @CleantheWorld Get Soap to Hurricane Victims in Haiti,requests_or_urgent_needs,True,False,False,True
783432738908938241,"early this morning, a category 4 hurricane hit Haiti, their homes are not fit to handle disaster, please help me pray for my friends today‚ù§Ô∏è",sympathy_and_support,True,False,False,True
1001430342094422016,As a local Howard County based business we stand with everyone effected buy this horrific storm. Is your house flooded? Broken Sump Pump? Our 7 day a week emergency response unit is always,sympathy_and_support,False,True,False,True
1002848561552396289,"Maryland voters, please help vote Larry Hogan out of office in November. If I understand correctly, Hogan had the Rain Tax repealed which most certainly help set in motion the horrible flooding that transpired on Memorial Day weekend in Ellicott City.",not_humanitarian,True,False,False,True
1001273516241702912,‚ÄòWashed away real quick‚Äô: Missing Maryland resident and U.S. military member Eddison Hermond was trying to help woman trapped by flood in Ellicott City:,missing_or_found_people,True,False,False,True
1002585471166369792,Were you affected by storms? Need help making your insurance payment ? Another round of storms has brought more flooding and unwelcome disruption to the lives of additional Maryland policyholders. The Maryland,sympathy_and_support,True,False,False,True
1001360608430829570,Washed away real quick: Missing Md. man was trying to help woman trapped by flood Washington Post Historic Maryland Town Hit by a Second Devastating Flood Since 2016 Wall Street Journal They have,missing_or_found_people,True,False,False,True
768726058967371776,Please help!we need you! We are in emergency! I beg all my contacts from Italy and abroad to send us help in all way possible!#PrayForItaly,requests_or_urgent_needs,True,False,False,False
768480011007307776,RT @hope4broken: #PrayForItaly please pray for people in Italy impacted by earthquake. Many trapped under rubble. Pray for rescue and respo,sympathy_and_support,True,False,False,True
768538976655474690,RT @gabriellamileti: @niaforg is raising money for the earthquake victims. Please help &amp; donate at  #PrayForItaly ht,rescue_volunteering_or_donation_effort,True,False,False,True
768512392078786561,RT @MSF_USA: We express our solidarity to the communities affected by the #earthquake that stuck central #Italy this morning. #ItalyEarthqu,sympathy_and_support,True,False,False,True
769248459266424833,"RT @Stefania_6290: How to help the victims of the Italy earthquake  via @HuffPostImpact please, RT, we need help #It",rescue_volunteering_or_donation_effort,True,False,False,True
798285931518169088,"IAG supports @NZRedCross appeal, please help earthquake victims by donating to:  #eqnz",rescue_volunteering_or_donation_effort,True,False,False,True
771565130391826432,#earthquake: #PrayForNewZealand!!!! HELP US WE NEED YOU!,requests_or_urgent_needs,True,False,False,True
797796298476822529,CD Alerts: National Tsunami warning downgraded to a Marine threat. No Evacuation required. Keep away from beaches &amp; estuaries. #eqnz,caution_and_advice,False,False,True,True
771551917113696257,#earthquake:NZ 7.1!! SHIT!!·Ω¢E ·Ω£1!! PLEASE HELP THE PEOPLE LIVING OFF THE COAST!!,requests_or_urgent_needs,True,False,False,True
914954707550003200,Please help us raise funds (accepting crypto) for Mexicos earthquake victims. Info here:  #EarthquakeMexico,rescue_volunteering_or_donation_effort,True,False,False,True
910812499502608385,"RT @ninatypewriter: Effort to rescue Frida Sofia, the girl trapped in collapsed school after Mexico earthquake. WATCH LIVE:",rescue_volunteering_or_donation_effort,True,False,False,True
910534515910696960,Latin American Herald Tribune - Taiwan to Send Rescue Teams to Mexico after Earthquake,rescue_volunteering_or_donation_effort,True,False,False,True
910576706531950593,RT @khaleegis: Another hurricane in Puerto Rico and another earthquake in Mexico ·Ω°6 please help us and help them ·Ω§F·ºøC,rescue_volunteering_or_donation_effort,True,False,False,True
912066612756221953,#REWIND: Rescuers rescue a girl trapped in the rubble of her #earthquake collapsed school in #Mexico. #FOX35,rescue_volunteering_or_donation_effort,True,False,False,True
910586436608442368,@Oatmeal Can you help us with a RT Mexicos Earthquake,requests_or_urgent_needs,True,False,False,True
910772618973843456,Trapped girl a symbol for Mexicos earthquake rescue efforts - CBC.ca  #news #topstories,rescue_volunteering_or_donation_effort,True,False,False,True
910685278909628416,Crews are working to free a young girl trapped alive in the rubble of the Mexico earthquake. LIVE,rescue_volunteering_or_donation_effort,True,False,False,True
911708804600827904,RT @rebedebuen: Help us raise $10k for Mexico Earthquake Relief,rescue_volunteering_or_donation_effort,True,False,False,True
910749142611349505,Please help donating for the Mexico earthquake disaster relief ·Ωâ4 #FuerzaMexico,rescue_volunteering_or_donation_effort,True,False,False,True
910659996039315457,"Mexico Earthquake Kills Hundreds, Trapping Many Under Rubble  #FuerzaM√©xico #AyudaM√©xico #MexicoEarthquake",injured_or_dead_people,True,False,False,True
911747535760429056,"@tealdiamonds23 @BeckieJBrown Hi Ren√©e my country is in pain, an earthquake destroyed cities, please help me share this campaign for donations",requests_or_urgent_needs,True,False,False,True
910748085780930560,Rescue teams have been working through the night to help those trapped under rubble following an earthquake in #Mexico.,rescue_volunteering_or_donation_effort,True,False,False,True
910624116436119552,See the incredible rescue of children trapped in rubble after their school collapses from deadly Mexico earthquake:,rescue_volunteering_or_donation_effort,True,False,False,True
910585552067424256,RT @BuzzFeedNews: At least 44 people are dead after a major earthquake hit Mexico. Many may still be trapped under collapsed buildings http,injured_or_dead_people,True,False,False,True
910697449219661825,"@mcbourbonnais1 MC please help giving a shout out to your fans at Mexico suffering because of the earthquake. Try to make more people aware, we need help!",requests_or_urgent_needs,True,False,False,True
911776772387168261,Can help us raise ¬£5000 for the Earthquake in Mexico. Please donate to our JustGiving Crowdfunding Page:·ºü2·ºüD  THANK YOU,rescue_volunteering_or_donation_effort,True,False,False,True
910707303854116864,"@RickyPDillon HI can you donate for the earthquake in Mexico please, we need help. You can donate here:  ·Ω§F‚ù§Ô∏è·ºü2·ºüD",rescue_volunteering_or_donation_effort,True,False,False,True
910795798144782336,Rescuers are racing against the clock to reach survivors trapped under the rubble of a school in Mexico which collapsed during Earthquake.,rescue_volunteering_or_donation_effort,True,False,False,True
910715277289037824,LATEST: More than 230 dead after Mexico earthquake as rescue teams desperately try to free trapped schoolchildren.,injured_or_dead_people,True,False,False,True
910533406932512769,#ayuda #mexico #sos #earthquake #sismo #donate anyway you want to nut please help! @Regrann,rescue_volunteering_or_donation_effort,True,False,False,True
912464850059591681,Help us rebuild #Mexico. Join us in donating to support earthquake relief. #FuerzaM√©xico #PrayForMexico Donate Now:,rescue_volunteering_or_donation_effort,True,False,False,True
910611131693072384,Thanks ·Ω§F·ºøB we are very grateful ·ºü2·ºüD there are other states more damaged like Morelos and Puebla that also need help. Youre an idol.,other_relevant_information,True,False,False,False
913478561557893121,"After nearly 300 dead, #Israeli search&amp;rescue teams use #technology to find trapped civilians in #Mexico  #earthquake",injured_or_dead_people,True,False,False,True
910646830089850885,My heat breaks reading about kids/people still trapped under buildings that have been destroyed by the earthquake in Mexico. ·Ω¢D·Ωâ4,sympathy_and_support,True,False,False,True
910785629633630209,"Teaching Activities for: ‚ÄòMexico Earthquake Kills Hundreds, Trapping Many Under Rubble‚Äô by NATALIE PROULX via NYT",injured_or_dead_people,True,False,False,True
911705151932469249,A #pacena on her quest to help Mexico CIty and the earthquake victims including dogs/pets. Please help &amp; share!,requests_or_urgent_needs,True,False,False,True
910560639201951744,"A great way to help victims of Mexicos earthquake is donating to @topos , expert rescuers who work to save these trapped under the rubble.",rescue_volunteering_or_donation_effort,True,False,False,True
911687680395587584,For all of you abroad please help #Mexico recover from #earthquake,sympathy_and_support,True,False,False,True
911741673348239360,Cellphone video shows dramatic rescue of woman trapped under debris for more than 24 hours after Mexico earthquake,rescue_volunteering_or_donation_effort,True,False,False,True
910706904875147264,RT @AC360: Search and rescue team makes contact with girl trapped in collapsed school in Mexico City following earthquake,rescue_volunteering_or_donation_effort,True,False,False,True
910554469892448257,RT @ajplus: Buildings crumbled and people became trapped in debris as a massive earthquake shook Mexico City.,infrastructure_and_utility_damage,True,False,False,True
914243334759112704,Mexican artist at @artsandiego_ will donate his earnings of the show to victims of the earthquake in Mexico. Please help RT @LaPrensaSD ·Ω§F,rescue_volunteering_or_donation_effort,True,False,False,True
910723010834911232,I wonder how @IBMWatson could help us in the aftermath of the catastrophic earthquake that hit yesterday Mexico. #AI #challenge #CSR #Ethics,other_relevant_information,True,False,False,True
910533354352549889,At least 44 buildings have collapsed in Mexico City after a 7.1 magnitude earthquake struck central Mexico. Many are trapped in the rubble.,infrastructure_and_utility_damage,True,False,False,True
912944821001687040,@raytoro can you please help me share? Ive got @gerardway tu sign this to help victims of the earthquake in mexico and Im doing a contest,requests_or_urgent_needs,True,False,False,True
913335305041723392,A woman was pulled to safety after being buried under rubble for 30 hours following the devastating earthquake in Mexico.,rescue_volunteering_or_donation_effort,True,False,False,True
911711640910913536,could you help us with transportation to get to the most affected communities from the earthquake in Mexico? #Verificado19S #SismoPuebla,requests_or_urgent_needs,True,False,False,True
910674856957448196,Mexicos situation is pretty bad. Can u help us to get tools &amp; Medical equipment to all the states affected by the earthquake? #FuerzaMexico,requests_or_urgent_needs,True,False,False,True
910749838379118592,"@1DRockMeUpdates Glad some people are having the time of their lives but Mexico has suffered a deadly earthquake and we need help, people dont know this yet",requests_or_urgent_needs,True,False,False,True
910678733047992325,"Rescuers Race to Free Survivors Trapped After Mexico Earthquake (Christopher Sherman, Peter Orsi and Mark Stevenson",rescue_volunteering_or_donation_effort,True,False,False,True
910546438811029505,"@TheEllenShow Ellen we need your prayers and good vibes, there was a strong earthquake yesterday in Mexico city, children are trapped in a school :(",sympathy_and_support,True,False,False,True
910727210922921986,Minor earthquake in Oaxaca briefly halts rescue efforts in Mexico City Many still trapped under rubble as aid workers forced to stop working,rescue_volunteering_or_donation_effort,True,False,False,True
910558355504078849,"Mexico Earthquake Kills Hundreds, Trapping Many Under Rubble (The New York Times)",injured_or_dead_people,True,False,False,True
910536473434361856,RT @Frenchring51: Rescuers save the lives of a dog trapped in the rubble after the 7.0 earthquake in Mexico. Video ·ΩÑD·ΩÑF·Ω†A,rescue_volunteering_or_donation_effort,True,False,False,True
913874387505426432,Help us support Mexico at this Sundays concert w/ Maestro Juan Pablo Horcasitas. Proceeds go to earthquake relief,rescue_volunteering_or_donation_effort,True,False,False,True
911961778757656576,RT @SongExploder: Please join me in donating to @UNICEFs Earthquake Relief Efforts in Mexico. #FuerzaMexico. People need help.,requests_or_urgent_needs,True,False,False,True
910610871239372800,"@PhillyD I dont know if you could still put it in the show but please, if you could mention about the earthquake in Mexico, we need help",requests_or_urgent_needs,True,False,False,True
910567398868082688,"Hello, ARMY! Please help us to raise founds for people damaged by the earthquake ;_; &lt;3",rescue_volunteering_or_donation_effort,True,False,False,True
910618195475668992,RT @Bitso: International #crypto community please help #Mexico #earthquake fundraising efforts $btc $eth $xrp #BitcoinAidMexico,rescue_volunteering_or_donation_effort,True,False,False,True
915975070459113472,RT @fronterasdesk: Rescue teams in Mexico City have recovered the last body known to be caught under rubble after the earthquake. /,injured_or_dead_people,True,False,False,True
910642265923579904,RT @uncxveer: Please pray for the kids that are stuck at the Enrique R√©bsamen school after the earthquake in Mexico City #Rebsamen #MexicoC,sympathy_and_support,True,False,False,True
910645250342871040,"RT @PERRYSWlTNESS: Please send help im stuck in a collapsed building after Mexico Citys earthquake Tlalpan Street 1773, San Diego Churu",requests_or_urgent_needs,True,False,False,True
915184212403277825,RT @bigbarkerusa: Rescuers Save Dog Trapped Under Rubble After Mexico‚Äôs Earthquake‚Äù ·Ω£1·ºü2·ºüD,rescue_volunteering_or_donation_effort,True,False,False,True
910724243918221312,"RT @RepJayapal: Watching courage &amp; bravery in Mexico earthquake. Hope, hope, hope for the kids and teachers trapped in collapsed school.",sympathy_and_support,True,False,False,True
911834773638627328,RT @fernaxjuarez: Please @HamillHimself we need help to Mexico to consequence of the earthquake,sympathy_and_support,True,False,False,True
910720128077189120,"RT @katelinthicum: 224 dead in Mexicos earthquake. 117 in DF, where people are still trapped. 39 in Puebla 55 in Morelos 12 in Mexico Sta",injured_or_dead_people,True,False,False,True
910709851503898624,"@emtothea Mexico was struck by a big earthquake yesterday. If its possible please donate and help us spread the word, we need help topos.mx",rescue_volunteering_or_donation_effort,True,False,False,True
910542707424030720,"@PhillyD The earthquake in Mexico! Please if someone can donate, people lost their homes and gente are kids trapped in a school!",rescue_volunteering_or_donation_effort,True,False,False,True
910571290947289089,RT @gabbyzapata: ‚ù§Ô∏èOkay gumroad is setup! Please help! 100% Donations will go to @topos to help with Mexico Earthquake relief!,rescue_volunteering_or_donation_effort,True,False,False,True
910617542791589888,RT @Independent: Volunteers form giant human chain to rescue victims trapped after Mexico earthquake,rescue_volunteering_or_donation_effort,True,False,False,True
910773914841812993,Trapped girl a symbol for Mexicos earthquake rescue efforts #FridaSofia #mexicoearthquake #MexicoCity #mx @CBCNews,rescue_volunteering_or_donation_effort,True,False,False,True
910648374533046272,. @NikkiPhillippi Please help Mexico RT Earthquake 7.1 destroyed different states of Mexico at upto 200 deaths. #AyudaCDMX #Jojutla,injured_or_dead_people,True,False,False,True
910718009727209472,RT @rafafc91: There might be people trapped under the building. Rescue operations under way. Mexico City earthquake.,rescue_volunteering_or_donation_effort,True,False,False,True
870130826469679105,1000s of children &amp; families are affected by the worst flooding in #SriLanka in 50 years! Help us help those affected #Text2Donate #FloodSL·ºô8,requests_or_urgent_needs,True,False,False,True
878336416656306176,RT @RosieMayHome: Flood Victims in Sri Lanka Need Help Desparately:  via @YouTube,requests_or_urgent_needs,True,False,False,True
